,Sales,Sales_scaled,Profit,Profit_scaled,Quantity,Quantity_cat
2662,8.76,0.0029663175286679822,4.2048,0.3971773863840783,2.0,Low
558,32.4,0.011398706462976676,15.552,0.5002698327037237,5.0,Low
9913,31.05,0.010917161409621484,14.904,0.4943825737133887,3.0,Low
4902,25.92,0.009087290206871755,9.072,0.4413972428003729,6.0,Medium
6605,45.36,0.016021538975186517,21.7728,0.5567875190109406,7.0,Medium
