,Sales,Quantity,Discount,Profit,Sales_scaled,Profit_scaled,Quantity_bin
count,2434.0,2434.0,2434.0,2434.0,2434.0,2434.0,2434.0
mean,90.45448467543139,3.5550534100246507,0.15078060805258833,11.595304971240756,0.03210674344115355,0.4643221654505185,0.17132292522596548
std,158.67350798396174,2.091723541692155,0.20194849937902135,18.79548790036377,0.056598846569031344,0.1707621992579489,0.4092831242346811
min,0.444,1.0,0.0,-39.5118,0.0,0.0,0.0
25%,14.62,2.0,0.0,1.8144,0.005056579760269037,0.37545994210862,0.0
50%,35.263999999999996,3.0,0.2,7.513999999999999,0.012420295376168728,0.42724238245015367,0.0
75%,95.986,5.0,0.2,18.98415,0.034079835176045736,0.5314518634810055,0.0
max,2803.92,14.0,0.8,70.5564,1.0,1.0,2.0
