,Sales,Profit,Discount,Quantity
Min,0.444,-39.5118,0.0,1.0
Max,2803.92,70.5564,0.8,14.0
Mean,90.45448467543139,11.595304971240756,0.15078060805258833,3.5550534100246507
Median,35.263999999999996,7.513999999999999,0.2,3.0
Mode,12.96,0.0,0.0,2.0
