,Sales,Profit
Range,2803.476,110.06819999999999
Q1,14.62,1.8144
Q3,95.986,18.98415
IQR,81.366,17.16975
Variance,25177.282135936366,353.2703654127209
StdDev,158.67350798396174,18.79548790036377
