Q1,Q3,IQR,Lower Bound,Upper Bound
1.72875,29.364,27.63525,-39.724125,70.816875
